CoD,CENTRAL,Tecnología,MW,PROMEDIO US$/MWh 0120,PROMEDIO US$/MWh 0220,PROMEDIO US$/MWh 0320,PROMEDIO US$/MWh 0420,PROMEDIO US$/MWh 0520,PROMEDIO US$/MWh 0620,PROMEDIO US$/MWh 0720,PROMEDIO US$/MWh 0820,PROMEDIO US$/MWh 0920,PROMEDIO US$/MWh 1020,PROMEDIO US$/MWh 1120,PROMEDIO US$/MWh 1220,PROMEDIO US$/MWh 0121,PROMEDIO US$/MWh 0221,PROMEDIO US$/MWh 0321,PROMEDIO US$/MWh 0421,PROMEDIO US$/MWh 0521,PROMEDIO US$/MWh 0621,PROMEDIO US$/MWh 0721,PROMEDIO US$/MWh 0821,PROMEDIO US$/MWh 0921,PROMEDIO US$/MWh 1021,PROMEDIO US$/MWh 1121,PROMEDIO US$/MWh 1221,PROMEDIO US$/MWh 0122,PROMEDIO US$/MWh 0222,PROMEDIO US$/MWh 0322,PROMEDIO US$/MWh 0422,PROMEDIO US$/MWh 0522,PROMEDIO US$/MWh 0622,PROMEDIO US$/MWh 0722,PROMEDIO US$/MWh 0822,PROMEDIO US$/MWh 0922,PROMEDIO US$/MWh 1022,PROMEDIO US$/MWh 1122,PROMEDIO US$/MWh 1222,PROMEDIO US$/MWh 0123,PROMEDIO US$/MWh 0223,PROMEDIO US$/MWh 0323,PROMEDIO US$/MWh 0423,PROMEDIO US$/MWh 0523,PROMEDIO US$/MWh 0623,PROMEDIO US$/MWh 0723,PROMEDIO US$/MWh 0823,PROMEDIO US$/MWh 0923,PROMEDIO US$/MWh 1023,PROMEDIO US$/MWh 1123,PROMEDIO US$/MWh 1223,PROMEDIO US$/MWh 0124,PROMEDIO US$/MWh 0224,PROMEDIO US$/MWh 0324,PROMEDIO US$/MWh 0424,PROMEDIO US$/MWh 0524,PROMEDIO US$/MWh 0624,PROMEDIO US$/MWh 0724,PROMEDIO US$/MWh 0824,PROMEDIO US$/MWh 0924,PROMEDIO US$/MWh 1024,PROMEDIO US$/MWh 1124,PROMEDIO US$/MWh 1224,PROMEDIO US$/MWh 0125,PROMEDIO US$/MWh 0225
1996,Corani,Hidro,65.25,33.83513760058223,36.11076080080859,39.23601727351972,60.96192750784126,43.97582185501445,30.14412918882545,28.16953142641556,29.65535103497763,29.73649031651451,34.10358496638378,52.69367932645067,54.7417799410807,27.00628811630592,27.09035117861255,26.86929700986231,23.59521414991453,35.59758694478173,26.63827718947414,27.24635453289671,26.82055973489403,26.96303842251235,30.32955178681076,46.59881706576615,29.47096260820864,34.60829088915843,50.26445647960529,32.90134152061937,29.36624700640596,25.4177142932767,26.45755400622987,26.18670772032519,27.68209443208063,30.08292874081446,51.02869715858538,54.74958636211837,75.43325813821446,88.54942779181367,1343.885413270321,1062.02850642264,149.531457416558,116.1983877513343,56.0791729010661,48.62985089664635,43.95763599801509,46.7985943281,42.6158357416,42.1241654643,32.7529974876,85.0091295844,54.6623264225,25.86685800019259,27.16189724138588,29.99142424231298,29.82318639443838,29.28600660747927,34.82367909750004,35.90093345130407,38.29234731453565,43.4418407794791,39.69926142290484,40.6506533643796,51.94396576730674
1996,Santa Isabel,Hidro,91.11,30.51706377410825,31.26693831545618,35.80072095596205,56.14341391380862,42.31370049777165,28.66122257931418,27.05229597527748,28.54359665350712,28.46291370183828,31.62143431420088,50.99970130724829,44.32690077877692,23.65462412251816,24.35017382260327,24.39624495714482,21.93111041249418,34.02208615204774,25.32599369597277,26.31661805801755,26.92050626881448,27.79093037549848,30.08147684089964,43.7973797049629,28.46527521848963,31.92357330140734,43.92971362738938,30.76199474111435,27.87929250278946,25.19914518478611,26.30276274811644,26.0608303718423,27.41333101663304,29.64527614453717,49.32368567922583,53.39267704223282,67.59859665522471,75.32839995406967,180.851508942248,205.391052735756,109.495361393968,108.2097316445036,56.25790957383104,49.16582965811185,45.09790643206968,47.2815261714,42.3035881381,39.1620514695,28.7764279357,65.0096181124,43.4735359824,24.92192398255377,26.57237844684563,29.21967646152695,29.35758640540956,29.9045245972804,34.2765435609769,35.8042972086619,38.34872555750423,41.94329102690711,35.30396558756026,34.93701305438478,44.74521862265204
2018,San José I,Hidro,55.0,29.95664770457833,30.44064349415598,30.30388970378051,35.31730907078916,36.75696878220509,33.47115173701159,33.32192806155731,35.46493351015272,36.15468510358657,37.14373691486993,52.9188677151053,33.72804764112658,22.74887209786075,24.07224529365028,24.02054057191468,22.65213434427227,33.59078228110814,30.99832231672238,32.86339538291048,32.74144443546965,32.89865410004882,33.13535403715051,34.83124269633624,25.37576441128669,27.17577181343878,30.51787634608677,27.03623754653831,26.17173318957259,26.92046791842789,29.62110684786542,31.42183155086585,33.82277122166135,34.49232059449795,49.68923437511989,55.69407796535123,46.7516310712999,47.13261455748167,38.34619724129988,41.42768050978626,41.05930283497431,56.93806931123566,55.09672216042921,55.35955898347284,61.38226003486778,53.3673065859,42.3822909335,33.2906411513,25.0220346675,30.4926302389,30.0388425055,23.97423565454307,25.09323910591277,28.88407819700069,32.63585998359479,34.84396422614567,41.69029251002049,43.07899394835503,45.39932917452365,40.92334003884966,28.68980122375283,25.26169407796402,30.88498550206061
2019,San José II,Hidro,69.0,30.98847513793572,31.78334474520103,31.52425361697885,37.03086113675715,38.22236381774196,35.11427914518563,35.01163360473797,37.12706251372892,37.58891293879599,39.09596925712378,56.35459949994955,34.96913528638667,23.77401304519305,25.41774579304905,25.14258828976603,23.81423621747946,35.90966156005961,32.58834085546528,34.56308353425913,34.84985057373341,34.06411134147765,35.31346153803092,36.28198234902186,26.46043569569919,28.11546718511372,32.13385969504908,28.35663843425591,27.44238778016026,28.46832948504475,31.25869039951861,33.11275136394615,35.72401531313754,36.69507803531233,51.50564381053024,59.52385072320092,49.95284707846608,50.18563243397617,40.86936344773899,43.77415490022714,43.3615622489567,60.77807681466606,59.15898968830421,59.03508752290115,65.10141759341197,56.57617585,45.3390756492,35.0614832942,26.2305801892,32.0674867823,31.9554533568,25.09894973496361,26.36948263635253,30.24390008358753,34.75544205015274,36.79057725611647,43.87449832276474,45.89960432348479,47.94202042000756,43.50472603962957,30.10373787205851,26.68572070808314,32.55305406033309
2014,Qollpana (Fase I),Eólica,3.0,17.38381089930936,17.17722373967506,14.86417282232992,13.73945179797041,11.43148198253402,12.92173767618873,13.43170327119405,14.7179851135738,15.42107176851935,15.54107683976248,18.18166851014367,14.67622560349491,10.1311456940867,10.84518454218107,10.47393352748001,10.40340079145424,12.22684803834259,12.00230824250221,12.8429534277889,13.14396174645421,12.37191079061633,13.01342452475874,13.27768932682295,12.23646891236196,12.25153240613266,11.75941943999116,11.78220934506792,11.51501988782094,11.38066601818749,11.10524456359405,11.37269858268331,11.74637756453208,12.10809540328425,12.58367961845339,14.74115458628279,14.95300581046455,12.07997642728468,11.83879909453935,12.49774450226842,12.99670509533631,13.02502997565696,12.62603434683216,11.61575947795784,11.92803089991005,11.7486661358,12.5789102962,13.4320251366,11.1768043485,12.6226920742,12.5764252367,11.55592843677438,11.27254340242382,11.10417743749428,11.19143621768056,11.31942428485978,11.34456277775109,14.96138376822922,16.32060538974561,11.96545014463346,12.06124547846713,11.40673277953128,12.1942598338756
2016,Qollpana (Fase II),Eólica,24.0,56.1147149825912,55.19658077778294,48.19268131606462,45.09050447263913,41.17485353256154,44.7292845636503,46.27418368672516,50.3091263496094,52.34948120763378,54.71158711093609,71.16952816598591,60.03555160801776,42.99743573632087,46.05669711894567,42.87580074679664,44.59354873341568,46.3420974072576,45.40548899269513,48.14224282649187,49.14988478165118,46.44737583783571,48.4613733962879,50.35939631956833,47.54102137826964,46.85833512986411,45.39673954155345,44.77566186358248,44.29472516197077,45.35868131478372,44.53345892924843,45.58383994163073,47.02412315638809,48.70768535816411,50.06510510581262,58.08602910079589,60.24441305422785,51.05340181058497,49.65742926375069,52.15384498401222,53.65883124834993,53.95942163871725,53.76773962694973,50.39593382934967,51.90194860000267,51.1250119892,54.4838841116,58.4264893231,49.2584145589,55.9256002448,55.9188407457,50.41272264492341,49.82967007881035,50.23353594698573,50.87529630669218,51.37463768487756,52.17011849644569,66.45627699735367,73.53794470106857,57.22678036767655,58.62967089938969,59.2062276355765,61.65301701427365
1996,Guaracachi,Termo,345.95,32.50123179315182,39.8873475393143,31.67320344718642,30.16949406880569,25.79183703655725,28.86204713809385,35.70609443999156,36.14393988987969,29.40295535276825,29.42824482271632,32.47416721891972,26.79576610593599,26.39381308112843,29.96441294436861,26.2610016784795,27.29274976687491,24.0206815140734,24.92843579368775,23.35765976875117,130.0525658663461,64.2459696233819,49.10976315481627,69.07505966678508,58.24695065109113,51.78010113151521,53.76179311281331,67.5426907930727,68.12827150381531,161.0049481456583,34.37065237541837,24.88883609393649,25.36704418846473,22.1003014578223,25.92929207514636,28.67256183626184,28.93951502593844,26.27024400219112,27.54255937618776,29.03685221621845,27.76852428062551,26.57474601002841,33.33503816378578,27.11066789643621,26.06987729274212,26.2528750379,29.3787099846,28.2018625733,26.5050678456,27.1823010356,33.3855994486,45.1474918834999,53.30849422913417,230.4946469291497,320.6792358067729,1071.413807919402,209.0646708421322,88.84727985254854,35.90400746460142,29.87192276229192,33.64028953515011,30.13577206442992,31.94286221811782
2009,Santa Cruz,Termo,41.95,75.638984448308,142.8488565859127,56.37187682525549,,,,129.8987211788477,86.72004908839857,93.26933952948174,57.28743047938588,64.1836451123666,58.51809503236932,,123.6892747993448,107.9189400811355,101.6897564424033,,,123.61845183099,271.3553419788537,66.7256883801753,66.30391171620967,145.6483116671718,73.74522542597543,48.85843986748789,51.67272129551241,68.16987401857425,85.52302175293912,,,,787.1414288746909,1297.967228063997,127.1339088107334,47.9768467247891,49.32741594491175,219.6149412129332,,67.31848477239382,159.9755579621014,223.6885289067632,,1294.305411198089,3498.240940124573,,679.6688203544,484.140696028,877.5804164281,828.9050941208,70.8486425224,46.59785471814766,60.41723507330729,108.7018718303515,,,284.3774755840942,63.37616618958261,55.60521465091481,,267.0912597705578,184.9644160388023,116.0114041067206
2014,Santa Cruz (Unagro),Biomasa,35.0,,,,,,,26.01837649559933,26.40258383579069,26.46649046418338,26.01830407734298,27.74183709988756,24.18453304548136,,,,,,24.33189637089179,24.19712590684615,25.33845789430658,25.21136867393474,25.2769290702416,25.4012717734301,,,,,,,26.27749620685281,23.43365838541247,21.76607335572588,23.40256834788518,24.59469224118189,,,,,,,,,25.43868610640057,24.12313385751584,24.9822165799,25.8851797786,25.7238894162,,,,,,,25.40338234253598,25.05742674068775,25.39204641923422,29.23170995104897,30.6963821991866,,,,
2016,Santa Cruz (EASBA),Biomasa,5.0,,,,,,,,28.19712224825558,28.70870671654974,28.06192215251261,,,,,,,,,,25.01257544681978,26.89673851608863,26.86846507933553,,,,,,,,,,24.07423145017858,24.43741052002784,25.40423308659465,25.26911755255731,,,,,,,,,25.115077935197,25.8257861643,,,,,,,,,,,25.85062043356831,28.48385685142916,30.90004169964226,,,,
1996,Aranjuez,Termo,35.19,31.02555697931496,31.31002656053039,28.87207494225408,29.22507392119012,26.29287065301736,25.14649253127295,26.83428308580775,36.39914984697791,28.34642838377274,28.89442158136391,28.46643315181272,23.57865040075947,31.99210358535451,32.56301464382751,27.00978927877571,35.70371740159254,32.14557048730772,32.5215755654798,35.36187359805174,33.5852189747585,35.69711970135249,35.54726599046982,33.45323546991843,38.47910104220874,37.41997877175054,37.73650079388374,34.91473265506773,38.06049700818772,35.67139771692102,36.09998915676749,37.05146897063079,34.46911986623864,34.43200130823712,35.84092651170936,32.1312200385362,34.47858835811141,38.24109757571571,36.80259101053935,34.16733002482579,35.54421610952142,38.10577903542757,67.8149379146778,61.504548950655,47.4897930796912,35.7446747041,35.4398108233,35.8535547515,36.0014796697,35.198269375,36.6835890592,40.62762440186803,39.80628484887588,42.52091385895441,42.73183700605723,39.03448810585598,38.62631184840733,38.02321822788716,36.84778783436328,48.05825410584107,112.0707526584471,153.2070734200002,139.1414149528161
2015,San Jacinto,Hidro,7.6,36.64417694157917,30.88301995855528,25.81427368722818,35.57007860139175,74.08429967532842,111.65656278665,120.1102479653973,132.1032273632282,93.30207391644842,89.7057497665433,113.8477843303974,93.96161524354555,24.23417982967263,27.73295461932945,24.11496178245628,30.82955309798647,62.23959098737434,97.13745254989539,128.780868984058,124.367390293636,130.0861271289643,126.6808201903692,86.22433724212424,26.77645726252889,30.1950336313543,27.07071056102689,26.03494760819492,57.05931669652293,87.52243116724107,111.1334218726009,157.3920996644685,168.5757466763405,154.697476221943,173.775303874183,189.9402042188462,234.5107077774376,179.3286013319893,31.36158713867534,25.4029773715003,34.59896117996445,78.74709947556538,124.9998696801946,128.8615609294235,173.3558206989311,183.1232490888,239.279002334,168.4841907702,94.4293061073,28.4869581442,26.57443585,24.23278880693357,27.87572279101515,65.92937386533039,119.7977983975139,167.3518519805718,129.6713395827848,182.0784395642619,88.18399079430475,43.16937942097112,59.02883372781796,26.20021587360824,31.20557531525301
2017,Yunchara,Solar,5.0,129.6342803000212,132.3963629948221,99.73632196011603,85.90901097381519,81.64010665034267,90.455647121365,95.40828704302376,103.3020559895138,108.415605132481,103.6588062544448,124.4688088005761,107.7315807294913,83.13894668631166,85.18713196658942,87.62227116169046,79.59565210964699,93.49517506112828,91.19955722734692,95.50815509849824,96.96976100177025,95.09985050104065,98.64859166923074,98.09918424816424,88.51765339649214,91.3041368976592,88.52262551409805,87.93625621291478,86.08849487085914,83.78520313369086,82.20491893005126,83.52476971433966,87.0743245474419,88.78929025498805,89.89818689967085,102.5747275249066,108.5847524544913,88.415953732787,86.17536398342637,90.87164857966923,88.52882768160124,93.67890697436245,95.40638649162109,85.70609436213866,87.50338379721256,87.8593729126,94.4733077902,96.0075412867,86.176067871,,,88.74271175235522,85.05945873836998,85.6321774382649,86.20395496059884,87.6210989486788,89.36232387862479,108.396831699061,113.5762165729122,97.14685936837517,101.6782446103663,98.54128498010022,102.4114993595162
2018,Uyuni,Solar,60.06,67.88614843755637,64.79705346188572,53.5289722929974,45.07652073955753,43.30723095492305,48.1216017185964,50.7452096993913,55.31478085387128,58.00674125526334,57.14602740654626,72.18084023823249,60.83833617412757,46.60090862666437,47.2248590866056,48.72970251557211,44.67817294448041,51.09769308665889,49.99971751914748,52.5328122325208,53.37345781512133,52.12785594444573,53.8788019814273,54.09581269123458,50.65805936302736,52.01388324026461,50.64086306115544,50.15317899002429,48.97167993523313,47.99331427477937,47.14366837033571,47.99811455751111,49.76551209828241,50.80658376669857,51.68166355834931,61.19343418913665,61.43294200923039,49.89503446902239,48.53778772241289,51.48124702947071,50.25988314750094,52.46702606503747,53.67972070482958,48.23679282047071,49.18398032734048,49.3364777272,53.4494121987,53.5705216081,47.6220499804,50.9178954512,50.6468193691,48.30972424419948,46.90861866225011,46.67775904942627,46.90643306986758,47.658700683078,48.44268177043924,59.24069847610486,60.90698003558829,50.06155077322833,52.27262478429252,49.59937160943542,51.73585998850471
1996,Valle Hermoso,Termo,116.6,36.01617704255617,44.39741890859254,45.77785152173908,145.5683648770917,884.6813337024217,217.034180554366,58.89058976772837,50.35087040414518,47.80668452729332,55.06681049763901,26.23698154149058,29.29563998376656,110.0076571289135,58.68396741709152,51.32195967754858,358.3181816891512,62.77273055755832,59.36825043476028,41.39887971690342,34.72829948049849,45.65641054822218,51.45579484666594,63.64241282914623,1674.390125077418,1564.185597971009,,778.1160836906421,,,,,85.20977058625697,22.30125553074294,46.76556323729346,48.01059458046944,46.41107387958281,107.5704108270966,391.248849240534,135.117184944056,123.4811459556052,190.5530480865279,61.03592774388198,,66.22961402340562,,39.0694446005,320.4382959546,,542.5162531117,1460.8870194579,716.2501774574845,5503.436855848557,,,9774.92802193285,1978.508219979465,52.41512001073909,63.98161466590974,404.0430698906613,114.5228749898092,399.0592740017808,231.8932857308912
1996,Carrasco,Termo,133.36,657.174659636194,349.8855065900483,899.7150411731022,,,,,,,,29.30966229216937,36.22858650470114,77.02460467118144,50.27716456700414,63.02240044943143,341.3197688632186,,,214.2904881196353,,,,,,,,,,,,,,,,216.8246506171773,39.74886106249654,,,,,,,,,,,,,,,,,,,,,,,,,,
2012,C. El Alto,Termo,50.19,103.6699457836203,214.1374831163311,442.7797493444489,,,305.4508806221546,,122.4990103729742,110.3901830994911,183.250795353904,35.38198099883766,37.56390836793856,123.8149992459658,74.48393731218152,84.41053431914486,254.0723667884856,32.68559496311758,32.4809799816468,31.64022021432648,31.072333428084,32.24948293706739,31.2807690484553,38.83955252516569,863.7021704263628,1092.670959869533,,452.1298266798975,,33.91036217277026,30.40691189513753,28.80667816472224,27.81549654529566,28.42793037173577,30.99827322925402,37.98951623825042,28.00339248151326,26.46870563193546,34.84834587655688,26.84428184422763,29.27690474699372,26.54452455715856,26.30322018033144,26.80991345552624,26.08206540056401,28.1453924074,28.6649169767,34.2254248056,47.5121134795,37.8831876015,74.762888069,,,4872.331544769408,39.65839404063963,31.65800261973468,31.58679222712155,32.27990368274583,32.86533087315667,39.52763033145835,,,
1996,Zongo,Hidro,62.68,31.36334434633493,31.29435397124863,28.45177070294868,28.20862505077135,32.68486117719887,42.85600090720925,46.83075412474747,54.97825241925098,60.40381459331956,40.34244284734434,50.76953297807366,29.93506721946173,24.41651421536113,26.96498140116841,25.39711622197999,25.46039630671475,33.49523420206678,39.81013534151509,43.42883737521196,51.59905622983076,46.95852141035803,42.65464750746212,38.72700901061106,26.86380120446459,27.30136260159615,27.91667248994825,26.60618882802609,28.3808434674757,34.50531142948832,37.90700180974721,43.68067880291959,48.97383123295764,52.7478608804841,51.99319415088652,51.52982288058703,38.48814157824873,29.84250430732453,29.53789478484334,28.48413674482109,30.49549492904541,33.09270536261955,42.38953916155702,44.14547588309092,50.05402625496234,53.5519692022,42.3453023587,36.7323792934,26.8956662313,36.2908018895,31.1240285833,27.95740119158618,29.59731298538301,33.6511599584136,40.99926611936129,43.19158508895513,44.22735516130879,55.82462663081336,52.14423701206896,32.82403899920512,29.15750226294801,28.35690367521773,29.32630211553841
1999,Huaji (Zongo),Hidro,62.68,,,,,,,,,,,,,,,,,,,,,,,,,,,,,,,,,,,,,,,,,,,,,,,,,,,,,,,,,,,,,,
1996,Cumbre,Hidro,62.68,26.70899282389856,26.21899441499035,23.69204350707138,22.53290805748227,30.92876244554223,59.95289389542882,83.15526900071576,140.0191390840756,190.8515023724181,59.76679211970261,99.20618667183729,27.32596873986291,21.62008403810586,23.9576331123875,22.32249328149531,23.36034283749203,34.92306777701856,72.38802188990395,113.9228340251722,196.0301833382444,100.8972782674233,55.28060460672825,46.8336433624681,23.79125623408843,23.67671377991612,25.67694538961302,25.56138559208866,28.32260019465503,54.17491693973831,60.98854028834103,96.90425434636913,112.0477684082608,134.1888844439416,100.7556612420899,80.24321113352102,36.59671867266854,25.2226523271741,23.06989651919628,24.53867325348665,26.84313978388082,31.25381995908001,62.38553453580118,96.26714582165474,118.5310420950248,192.4384413882,59.295767827,37.8777769642,23.5604050611,40.6722163809,34.8269746497,27.40446901211925,30.40675235010693,39.51081917649562,65.39690688036326,65.74840602475797,70.59503071695097,132.8218433225722,90.33235879429432,30.68304348607179,25.89872689303102,25.18877392797157,26.9758172401836
1996,Miguillas,Hidro,21.11,37.28150855346973,34.81484888935519,32.69383720644039,34.46107067874556,40.57926061399376,36.67148916178524,31.57945897482287,33.9229403490233,43.97698880513703,37.68966179049411,52.60952410811142,33.65049896794282,25.17078690722571,33.03624947724703,31.17104856086636,34.71270299493212,40.66523923319264,35.96674836065154,32.25214544418434,33.03563290851201,39.53536306860181,47.72680610806902,36.54855081200794,26.0070090007402,30.17056568069694,29.67555360885472,29.12265034145867,35.75229769190499,34.82533588440015,31.04216238753131,34.32588861679531,35.11066929696316,35.88756762706046,42.51948216644546,52.62239258452393,45.26576715999152,66.17133543452721,36.48899746582619,33.54488055517036,39.04290367066229,48.71140483086862,38.94759487986093,32.01464666773209,36.3891028840546,87.9651548393,37.9655762703,28.4029590441,27.8296177987,42.2896202237,29.9746612351,30.73037277681257,44.16162389624125,40.76018816724775,33.68439205019416,30.18127765324117,33.93859843607663,39.12734488271629,46.69689094314652,30.79941453749293,30.0140718097357,31.28569358463499,31.40490939930588
2000,Bulo Bulo (CECBB),Termo,135.45,,,,,,,,,,,,,,,,,,,,,,,,,,,,,,,,,,,,,,,,,,,,,,,,,,,,,,,,,,,,,,
2001,Yura (ERESA),Hidro,19.04,,,,,,,,,,,,,,,,,,,,,,,,,,,,,,,,,,,,,,,,,,,,,,,,,,,,,,,,,,,,,,
1998,Taquesi,Hidro,89.19,,,,,,,,,,,,,,,,,,,,,,,,,,,,,,,,,,,,,,,,,,,,,,,,,,,,,,,,,,,,,,
1999,Kanata en Arocagua,Hidro,3.77,,,,,,,,,,,,,,,,,,,,,,,,,,,,,,,,,,,,,,,,,,,,,,,,,,,,,,,,,,,,,,
1999,Kanata en Valle Hermoso,Hidro,3.77,,,,,,,,,,,,,,,,,,,,,,,,,,,,,,,,,,,,,,,,,,,,,106.9993388522,96.9575860367,89.636875811,95.5033693956,83.820600317,37.4595043,37.3026896393837,53.40950683412994,57.16412075706063,60.73519561698389,65.79878550701851,77.03589665890193,76.27554145547118,75.6002466266815,68.69750209608823,60.49565616256757,30.18418214770538,30.66875708818397
2017,Guabirá/IAGSA,Biomasa,26.0,,,,,,,,,,,,,,,,,,,,,,,,,,,,,,,,,,,,,,,,,,,,,,,,,,,,,,,,,,,,,,
2007,Quehata,Hidro,1.97,,,,,,,,,,,,,,,,,,,,,,,,,,,,,,,,,,,,,,,,,,,,,,,,,,,,,,,,,,,,,,
2010,Entre Ríos,Termo,263.385,,,,,,,,,,,408.2564816074846,,,,,,,,,,,,,,,,,,,,,,,,,,,,,,,,,,,,,,,,,,,,,,451.5860402281521,,,,,
2019,Entre Ríos II,Termo,263.385,52.84042279438865,52.35563460079525,98.65888858415067,111.3902437959547,28.71166826086166,28.78686655328479,25.98789957953692,26.31031132721187,28.78409099144051,27.83916968439501,29.57906263964824,26.86836802738455,26.0516419039465,27.78259395046059,26.13521910134989,24.03362310211918,35.01914595805663,50.95028727821266,33.09750754781203,27.27300907743766,28.32169057604372,32.99443356495213,31.19405986848601,36.9751159438059,35.77258158414664,37.0831588800363,33.97155077804045,36.56402629342003,33.08748697846129,48.43744925456796,38.7504542532479,36.68297366036345,34.51825192127047,27.9600021297795,32.47786799696161,26.51977175523255,32.03907825587962,38.73821449956935,28.40820330708301,28.54780476139828,29.86825723414136,26.73393685004175,32.17674461474267,30.71177796577247,26.6655964609,25.3688188129,28.7544718691,34.4481491989,28.1925076196,29.575875908,29.31563180250726,28.90126425580522,28.14560650568547,28.53460077026582,26.51761154407219,24.88964702337206,28.00296585340164,27.86617351429649,26.28261759298714,27.36887854397421,27.46119461957604,27.32449472987971
2014,Del Sur,Termo,505.83,37.22642685509373,44.21714975712118,30.71352300779011,31.81505563006261,34.29529497622984,27.37668798495379,28.83429711925413,27.73971926247377,27.96513229205827,26.46741317003972,46.61201841269273,37.43702243995739,36.43858679894026,33.39871772619949,37.83308338643706,45.89093775534207,22.83043955290728,22.2504117390686,21.7857541889637,21.74773408078916,23.70816333830154,23.39628900671402,24.45724936893367,25.48764423683261,26.65793767523507,25.73639464667022,24.56979020601014,24.69041041597195,24.017936066704,23.76015801104191,23.26790618345853,22.8008404280519,22.50064336768748,22.5702965361563,26.77916003628728,27.91342343521612,23.90719820785906,25.90868966402074,25.58237385341907,25.84370100672649,27.32231993379477,23.56472540803502,23.86710700984549,22.56691386188891,22.2827500484,22.4552126314,28.5516857746,22.1181167144,23.6825399546,24.0831610552,24.38856709170332,23.31497122903572,21.3723799706842,22.52082071070032,22.05971539441421,22.30982220156758,24.84244385715591,25.99748398455336,23.97033209350077,23.57845075758064,24.50031317402961,25.36459955781713
2015,Warnes,Termo,570.57,32.90596646594849,39.58702396408328,31.44778124924762,35.85073089641723,34.69876907461645,42.2808337683208,32.88284081071297,31.63454922495802,30.3926378113232,29.1929080852637,29.07065181432217,26.10836290015101,27.79853470331935,30.21925087645858,28.85635837315553,31.51090727650909,29.93773579889781,29.5748919529432,28.32996539449837,25.70604324908299,25.79948749919421,26.32725199001867,24.9371945553126,26.00176116129363,26.12374742311408,27.62608751320378,28.26738663245226,29.32932480872277,27.27281030684036,31.19059166928722,32.08986954240574,28.52549865994441,29.94512441042487,26.59514190889934,28.80452817304085,27.75678261468036,27.1920676989709,29.9928958159468,26.27642121133929,26.79724466734667,27.3773443897476,26.90911495586246,27.26780672531112,26.40914944960438,26.8329069849,26.9950426392,30.017917841,29.0535252386,27.7853741595,28.1648383697,28.09228923275873,27.21308581966296,30.99539219676263,31.19930969146913,29.59876738404826,26.77511307085066,30.02050985239827,30.8464623570477,29.8904510057589,28.50942519794066,27.66040587719019,30.30163299351474
2011,C. Moxos,Termo,5.7,170.2547926931631,156.1663206888466,152.9586508839635,156.1116614124931,165.2607042168209,178.4322985576112,170.852994764039,165.9163969950212,163.9495498774088,164.0203302976512,165.3763568635994,169.7592775808682,171.5036757690954,170.5617965557071,169.8723089039804,170.3841072156782,174.915969601872,177.6907574094298,179.8473257004398,175.7262131529457,168.6736246779526,172.7577688336428,180.0801469914021,173.2530942926867,168.5251109303996,286.7939137855421,,,,,,,,,,,,,,,,,,,,,,,,,,,,,,,,,,,,
2017,Misicuni en Arocagua,Hidro,60.0,,,,,,,,,,,,,,,,,,,,,,,,,,,,,,,,,,,,,,,,,,,,,,,,,,,,,,,,,,,,,,
2017,Misicuni en Valle Hermoso,Hidro,60.0,,,,,,,,,,,,,,,,,,,,,,,,,,,,,,,,,,,,,,,,,,,,,93.9271134347,79.1980495586,85.8477468816,96.8864524027,138.7980147404,199.3924615263,179.6513761397552,156.5982000491854,123.0994687715585,88.52018850130223,78.0727188535318,81.16943925605848,85.37406428167051,79.477736063288,86.86447766644518,106.2055960720957,120.345042433222,139.4481552218959
2019,Solar Oruro (Fase I),Solar,50.01,,,,,,,,,,,,,,46.01706413683537,46.35238020244618,41.88189012266326,45.42833325952899,44.959079048596,47.49586109909325,48.23192882300371,46.57388543580038,48.08101349145051,47.97026533398984,43.70998154843636,45.20639610210933,43.9641203150199,51.88411474441821,42.90027222525863,45.2731449504554,44.66742001454593,46.0381157827881,47.17891886046642,48.96466169269743,49.90343725075415,59.19328825540806,59.72445589746163,47.893201082964,45.93214278345418,50.02624049215347,48.25650056602706,50.26635009143886,51.83492416045716,47.67454191207158,48.55686151604851,49.1010421752,52.3117768395,52.6464279463,45.8729186579,49.9262692829,49.6433741209,47.40244600924344,46.71269073960522,46.93271242010761,47.10426050128466,47.94980633406767,49.23547039689822,60.16148763804291,61.41655534912744,51.1752569867821,54.03654351413334,50.26960114452115,52.32226177574104
2019,Solar Oruro (Fase II),Solar,50.01,,,,,,,,,,,,,,43.54613112765188,45.00054064433333,39.83921748132866,43.01638843881591,42.557433810901,44.96651765731973,46.04127026510825,44.43570603533223,45.86023228802603,45.62158737325558,41.81662828867557,43.2200799262592,42.06008080230515,42.11439657157353,40.96025509128158,43.27792902976409,42.70021310459622,44.01786378454793,45.08716904234691,46.8166081081726,47.74704505823614,56.83589406580072,57.03409571420902,45.74014348411853,43.84512459282371,47.7926049330042,46.08767191926843,48.08059665765119,49.42879519255566,45.49370534197276,46.33220731393761,46.8496659176,49.8815820887,50.1767794459,43.7036589353,47.6220195679,47.3017796294,45.18712421043387,44.49090797146807,44.71816252075013,44.84988759153329,45.57501410217253,46.81409411081742,57.37359105032273,58.48895237179578,48.62038048326824,50.60987860026992,47.55600225420086,49.63820487673204
2021,Eólica Warnes,Eólica,14.4,,,,,,,,,,,,,,,,,,,,,,74.92890506226281,69.71536019761827,68.98517791241393,69.71918226553802,68.2314938103778,69.82893241879727,68.88616738019537,70.4129580030567,68.31660621287445,68.51223859795827,70.20949009360248,71.9433713132257,74.53757433021362,77.9170087997355,85.73420161988787,74.53296153410449,73.48438756519643,78.15216308916557,74.56376193474127,80.6241928116753,78.87110851458345,75.3013792256567,74.92454739905209,78.0416808365,82.82709351,86.0659132852,76.9438438265,79.8998660624,80.6884964048,81.0676483737119,78.61398007308603,76.61872467147428,76.22221505790915,76.935146007617,78.91675394912343,97.88581740800953,101.7323490626393,83.18696827623849,85.93666207159245,85.71810878548345,90.80572106538801
2021,Eólica San Julián,Eólica,39.6,,,,,,,,,,,,,,,,,,,,,,,52.12210106396423,49.29392249222992,50.40691901218815,49.18788275525954,50.39159132092162,49.58194203557814,50.46793064717119,48.94340116161442,49.25698727377668,50.12531390183027,51.53857025091057,52.53795178228101,56.46128185034856,60.731755362889,53.33759652507722,52.53434811048363,55.90731954693142,53.94828766994828,58.23154527913582,56.11242652282959,53.53435661240621,53.52273133922989,55.7395559023,59.4575838523,61.1875616073,54.7115656416,56.7466019453,56.9402757108,57.22334134923085,56.09672128466479,54.85285755305378,54.47649953058608,55.07249688582335,56.61558518064778,70.59372113692213,72.96754220673887,60.03109170630596,60.91744001590686,61.43350317542689,64.93199170052698
2021,Eólica El Dorado,Eólica,54.0,,,,,,,,,,,,,,,,,,,,,,,51.84215476180714,47.94458980659143,49.32151047654465,47.76023938335751,49.31103070703664,48.16106420525704,49.15213340335827,47.54335187360606,47.88403711968477,48.73603558363531,50.13611129756567,51.57317410673186,56.8658579444633,61.11925563724442,52.18235982410701,51.21046293781834,54.63253975451889,53.60312887614547,57.57310044551651,54.86062650134856,51.66881408923269,51.61087411910692,53.8790260036,57.6758852338,59.5649479775,53.2131759236,55.7064744056,56.0236822396,55.78766273943138,54.65947193577598,53.47281868516248,52.80859689102453,53.52920902253987,54.87563180475885,69.81231279261145,72.11151277917091,57.93684833164811,58.86257941911205,58.53403510870377,63.73328601209481
2022,Aguaí Energia,Biomasa,58.61,,,,,,,,,,,,,,,,,,,,,,,,,,,,,,,,,,,,,,,,,26.47474669060924,25.6874291144905,23.61893700157309,23.50323550492641,,,,,,,,12.29562376652852,24.62964577909023,25.27947423343062,24.85732729807875,25.1306828171033,29.24762776946449,28.34608504373615,25.9842275262317,,,
2019,Aguai (Autoproductor),Biomasa,10.0,,,,,,,,,,,,,,,,,,,,,,,,,,,,,,,,,,,,,,,,,24.92792590251798,25.21632840064861,29.68908953742918,64.6863308382402,36.3769704224,,26.9272979113,,,,,12.52697001105583,20.88423032651861,23.55297771297863,24.25536777831702,24.02452135618217,28.73073264124747,28.63332944808919,25.8456977835931,,,
